-- phpMyAdmin SQL Dump
-- version 4.8.5
-- https://www.phpmyadmin.net/
--
-- Hôte : 127.0.0.1
-- Généré le :  lun. 08 juil. 2019 à 04:48
-- Version du serveur :  10.1.38-MariaDB
-- Version de PHP :  7.3.3

SET SQL_MODE = "NO_AUTO_VALUE_ON_ZERO";
SET AUTOCOMMIT = 0;
START TRANSACTION;
SET time_zone = "+00:00";


/*!40101 SET @OLD_CHARACTER_SET_CLIENT=@@CHARACTER_SET_CLIENT */;
/*!40101 SET @OLD_CHARACTER_SET_RESULTS=@@CHARACTER_SET_RESULTS */;
/*!40101 SET @OLD_COLLATION_CONNECTION=@@COLLATION_CONNECTION */;
/*!40101 SET NAMES utf8mb4 */;

--
-- Base de données :  `gestionlocation`
--

-- --------------------------------------------------------

--
-- Structure de la table `clients`
--

CREATE TABLE `clients` (
  `CIN` varchar(10) NOT NULL,
  `Nom` varchar(20) NOT NULL,
  `Prenom` varchar(20) NOT NULL,
  `Age` int(11) NOT NULL
) ENGINE=InnoDB DEFAULT CHARSET=latin1;

--
-- Déchargement des données de la table `clients`
--

INSERT INTO `clients` (`CIN`, `Nom`, `Prenom`, `Age`) VALUES
('AE137652', 'ARISS', 'ANASS', 27),
('AE345212', 'Badrdiine', 'swiri', 50),
('AE3487645', 'Maniari', 'kamal', 30),
('AE456Y77', 'MOHAMMED', 'amine', 29),
('AR342189', 'marchani', 'hakim', 40),
('ARFTY78', 'OUANO', 'wano', 70),
('GLJFJHFJH', 'bagar', 'bacha', 70),
('kdjgfdhfhf', 'merari', 'abdrahim', 23);

-- --------------------------------------------------------

--
-- Structure de la table `location`
--

CREATE TABLE `location` (
  `NumLocation` int(11) NOT NULL,
  `MatriculeVoiture` varchar(20) DEFAULT NULL,
  `CINclient` varchar(10) DEFAULT NULL,
  `prixLoc` varchar(9) DEFAULT NULL,
  `DateDepart` varchar(10) DEFAULT NULL,
  `DateArrivee` varchar(10) DEFAULT NULL
) ENGINE=InnoDB DEFAULT CHARSET=latin1;

--
-- Déchargement des données de la table `location`
--

INSERT INTO `location` (`NumLocation`, `MatriculeVoiture`, `CINclient`, `prixLoc`, `DateDepart`, `DateArrivee`) VALUES
(10, 'UIOY874', 'AE3487645', '400 DH', '17/04', '20/04'),
(11, 'A78HJ', 'AE3487645', '500 DH', '18/04', '17/05'),
(12, '145YHG', 'GLJFJHFJH', '800 DH', '19/04', '22/04'),
(13, '90HYG65', 'AE345212', '400 DH ', '19/04', '23/04'),
(14, 'UKJHRF34', 'AR342189', '500 DH', '6/4/2019', '15/4/2019'),
(15, 'JHYG56', 'AE137652', '400 DH', '5/04/2019', '15/04/2019'),
(16, 'AZRH6JI', 'kdjgfdhfhf', '900 DH', '22/04/2019', '30/04/2019'),
(17, 'KUH78GF', 'AE456Y77', '800 DH', '22/04/2019', '30/04/2019'),
(18, 'AZE56YH', 'ARFTY78', '1500 DH', '6/7/2019', '15/7/2019'),
(19, 'AZE56YH', 'AE137652', '1500 DH', '5/9/2019', '7/9/2019');

-- --------------------------------------------------------

--
-- Structure de la table `vehicules`
--

CREATE TABLE `vehicules` (
  `Matricule` varchar(15) NOT NULL,
  `Type` varchar(9) NOT NULL,
  `Marque` varchar(20) NOT NULL,
  `Prix` varchar(10) NOT NULL,
  `Image` longblob NOT NULL,
  `Etat` varchar(9) NOT NULL
) ENGINE=InnoDB DEFAULT CHARSET=latin1;

--
-- Déchargement des données de la table `vehicules`
--

INSERT INTO `vehicules` (`Matricule`, `Type`, `Marque`, `Prix`, `Image`, `Etat`) VALUES
('AZE56YH', 'Voiture', 'BENTLI', '1500 DH', 0xffd8ffe000104a46494600010101006000600000ffe100224578696600004d4d002a00000008000101120003000000010001000000000000ffdb0043000201010201010202020202020202030503030303030604040305070607070706070708090b0908080a0807070a0d0a0a0b0c0c0c0c07090e0f0d0c0e0b0c0c0cffdb004301020202030303060303060c0807080c0c0c0c0c0c0c0c0c0c0c0c0c0c0c0c0c0c0c0c0c0c0c0c0c0c0c0c0c0c0c0c0c0c0c0c0c0c0c0c0c0c0c0c0c0c0c0c0c0cffc00011080027003403012200021101031101ffc4001f0000010501010101010100000000000000000102030405060708090a0bffc400b5100002010303020403050504040000017d01020300041105122131410613516107227114328191a1082342b1c11552d1f02433627282090a161718191a25262728292a3435363738393a434445464748494a535455565758595a636465666768696a737475767778797a838485868788898a92939495969798999aa2a3a4a5a6a7a8a9aab2b3b4b5b6b7b8b9bac2c3c4c5c6c7c8c9cad2d3d4d5d6d7d8d9dae1e2e3e4e5e6e7e8e9eaf1f2f3f4f5f6f7f8f9faffc4001f0100030101010101010101010000000000000102030405060708090a0bffc400b51100020102040403040705040400010277000102031104052131061241510761711322328108144291a1b1c109233352f0156272d10a162434e125f11718191a262728292a35363738393a434445464748494a535455565758595a636465666768696a737475767778797a82838485868788898a92939495969798999aa2a3a4a5a6a7a8a9aab2b3b4b5b6b7b8b9bac2c3c4c5c6c7c8c9cad2d3d4d5d6d7d8d9dae2e3e4e5e6e7e8e9eaf2f3f4f5f6f7f8f9faffda000c03010002110311003f00fdfca2be3dff0082b1fedb9ad7ece3f0f20d17c0faa5be9fe27be6f32f2f02acb2585bed6c2a06565595ce0867c0555247ccc95f879fb7dffc146be214979ad68d61f163e2f7fc249a44d657f6c74ed76eadecf55804317daad92743891d8b993e45658c855183b943b7503fa85a2bf8e5f811f193e385f7c6dd22dfc4ff0017bf680d6bc37aa5945737779e10f13ead717fa0bcc9bd55a291479b240d8596255c1e763f427f4a3fe0923fb79fed39f0734bd22d7c49a1fc78f17f932ba6af078c94cda5eaa8598adc5bdcde38bbb5729b414459630e3ee005a901fbe54571df097e35693f15bc17a6ea91cd6ba7dededb2cf71a63df413dc58391968a4313b2ee5e87048adfd0fc67a3f89ae26874dd574dd425b738952dae526688e71f305271cf1cd0069514668a00fe553fe0e4bf087c44b8ff0082befc4c5f0cde78c352b8177a78b4b1d32f1e7922826d22d6602382063246bbe3b8241519e5bbe4fe743fc7ef1d3cd1dbdd788756be96ddca2a5f3fda2446e9b73265863a633c62bfb3ff00da0bfe097ff073f696f8cd63f113c45e1fbe87c6da7989a2d634cd52e2c2e18c40ac65fcb70ac554950581f978e9c57ce9fb6d7fc1113c07f19036a937847c35e3e6500b8d6225b2d6d02e388b52b74576181f2a480303ff002d94105003f989f09fc6ff001db782ede7d36f756d54eec4f6c2cfcc8acc97d89e5172ec5d8e326245db90324e71ed3fb207c47f147c75fda434af861e22f1b689e01935a4927ff848358d5af841a6247034e4192d6e02ccef1a32a8936a87d80b0c903c83f69df021f00fc5abcf04eb56975e1bb5f0db5e592dababdccda55cdbcb32490baa3b297332a44c5f7300a093d0b73ff04fe18ea9a2eb171a96a1e1a92e25b18ed6f6d239e268c4cf2488a80646d2a03167f95c613040e4d1adcad2c7d9de35f89de34f811fb46e9de07f05fc6a83e345bd8e9d3ea2faa7837c49a8dd477416f1a248e795aea631b2a2a3fee447f2caa09ce4d7b947fb677c40f8a3e23d02c7e217832ce4d2639926bcd660d3fcff0018e9968b97b8934bd4ee257b8b7ba554691191d7322aeedc2bc37c09f1eafa2f17d8dde9f37c356d63c3de124f0ac1068fa65e5e5ed95aacb17c92471dc1690891132c2353b9d800aac56bd6be10fece9f1d3f6d5f127d83c3be0bf19ead1dedb9d36e65b5d0adf42b0b68254314de64d7ced73186467c904b7cc768c600a5b127efb7fc1323c65e22f1e7ec3fe09bdf1536b9fdb56e6ff4d93fb6af45f6a662b4d42e6d6037738ff5d73e4c3179b273be4ded939cd147fc134ff667d73f639fd8b7c19f0ffc473d8dceb9a34533de2d8dec975696ef2cf249e5432491c6ceaa180dc513736e3b4668a903df29af12be7df8a28a00f81ff6d4ff008207f82ff6b8f8dd7df1061f18eb1e13f106a4e6e2e4d95a2c692dc98d22fb56e81e093cef2e345dc588251588de375617c14ff836a3e0afc388ed175ff147c42f1535acbf6936e9a8ae996e64e7255e15fb520249caadced6e0b066cb128a00faafe18ffc13a3e0bfc22d396d747f02584d0a36e0355bbb9d5d89f76bb92563f89af64d2747b4d074d86cec6d6decacedd7645041108e3897d15540007b0a28a009c018a28a2803ffd9, 'Louer'),
('AZRH6JI', 'Camion', 'Mercedes', '900 DH', 0xffd8ffe000104a46494600010101006000600000ffe100224578696600004d4d002a00000008000101120003000000010001000000000000ffdb0043000201010201010202020202020202030503030303030604040305070607070706070708090b0908080a0807070a0d0a0a0b0c0c0c0c07090e0f0d0c0e0b0c0c0cffdb004301020202030303060303060c0807080c0c0c0c0c0c0c0c0c0c0c0c0c0c0c0c0c0c0c0c0c0c0c0c0c0c0c0c0c0c0c0c0c0c0c0c0c0c0c0c0c0c0c0c0c0c0c0c0c0cffc00011080029002903012200021101031101ffc4001f0000010501010101010100000000000000000102030405060708090a0bffc400b5100002010303020403050504040000017d01020300041105122131410613516107227114328191a1082342b1c11552d1f02433627282090a161718191a25262728292a3435363738393a434445464748494a535455565758595a636465666768696a737475767778797a838485868788898a92939495969798999aa2a3a4a5a6a7a8a9aab2b3b4b5b6b7b8b9bac2c3c4c5c6c7c8c9cad2d3d4d5d6d7d8d9dae1e2e3e4e5e6e7e8e9eaf1f2f3f4f5f6f7f8f9faffc4001f0100030101010101010101010000000000000102030405060708090a0bffc400b51100020102040403040705040400010277000102031104052131061241510761711322328108144291a1b1c109233352f0156272d10a162434e125f11718191a262728292a35363738393a434445464748494a535455565758595a636465666768696a737475767778797a82838485868788898a92939495969798999aa2a3a4a5a6a7a8a9aab2b3b4b5b6b7b8b9bac2c3c4c5c6c7c8c9cad2d3d4d5d6d7d8d9dae2e3e4e5e6e7e8e9eaf2f3f4f5f6f7f8f9faffda000c03010002110311003f00fddbf17f8c9bc1de16bed5ae2d66b8b7b08bce952dc2994a02371018a83b412d8ce4818193815c445fb505beb16104da27857c5baeb4cec1a3b6b68a3312f3b58b4b22290d8070a4919e40e71f12ff00c1cd7fb74fc4afd873f652f03de7c3cbad0f4dff008497c4c96fab5c5ec6d349343085956d523c60aca73e636410b1e072fb97f263c35ff07557ed31e108563b2d3fe1c8450176be9337f313e73d7f3a9e6d6c07f49aff001e351b3b7b36baf87fe37b79af6696148561b69997647bd598a4ec02be0a824f0dc36d1cd741e11f891ff0985ecd0c7a5ea960d6ea0bfdae355c1e30bc3139393ff7c9f6afc38ff82727fc17d7f682fdad7c4d70dabdff008556ea04d76e5ac12cf6abad9e97fda259276593ec8823b69225062b9f31a772426c047eaf7ec91e37d6bc53e24b1bed5fc4379ac36bfa5c1a8fd9e6b5b7b7fb1192132ec3e5282cc37ed24f195e00cd6dcba19b9ea7d0ef7d346bc22d45fdb337fcf34fceadb40afdbf5a8fec03fbc6b3343e19ff0082e47ec79f0e3f6d1f87be08d07e2aeade30f0ff0084bc317179e247d4fc3d6e269a1990db5a2472030cc3cb65bc763f28e6353b80073f973ab7fc10cff629d70ea5fd8bfb4a7c41b592c67485a2d4347b66c33c31ca369682312285914964385c807919afd56ff82c4fc5ff0002fc3c8fc136be3af11d8f86f4fbed2b5ebe8af5ed65b8bdb236ab6521bab448d58c934459018d4ac8e9336c39041fcfef84dfb4bfc17f897f13b4db2d0ff6a0f0cea97faadf47751591d3752b6d53579940da919bc8e38566611044124eab90a3774a992ea05df809ff00046bf833fb29ab470ebde2cf17c5aa69f3b6a96f7d3476d06b56f3412c12c1f67b751308da0914346b217666033f36cafd00fd87fc7fac78b7e35adeeaba1bf8774dbab7074d5b9db6b35c2490b3a87b5daa60914e13ca396520838c62be75f8e1fb4ecdf073f665f17fc5cb5b5f0e2dfd8d8decfa35be9dab7dbad6fd2deebc88049342773b6e955dd339192a4a8c63c17e05f89bc75fb496bd79e1ef8c57b757daf7853e223787dae7c277f26836d6f7915947a9d85e016b0991a48e42d1a8692150ed19c338087b34b72a39b5ba67ee933b20fba71d7a74a9377fbdf957f3effb497c72f1ac7fb4afc3fb3f82bfb42fc50f156aba7ea56777369ba7f8f2ebc4305eea126a8aad6b3c48d892316b1c87c970728d231cedc9fe81fca5ff00a65ff7cd72dada1d0a57d4e6bc53f0fcf88ec561678fe524a89edd2e117d7e5718e7d7ad7c271ffc109bc41e1dd561bbd23e3e6b3ab49a5ab45a21f1a782747f13cbe1d819813059cf3c6258e32122520b312228f9cae6bf45a8a067e67f8c7fe0829e3af895f0bd7c15aafed05a6787fc2b6fe61b7b0f06fc27d134110992449652af1e5a332491c6ccd114625065abd2be09ff00c1053e117c31d7dbc41afea5e2ef1e78b2eeebfb46fb56d52ea285eeef7e5cdced8113cb93e55c146e028c60015f73514d368563e6bf815ff0491fd9d7f66af8c727c42f04fc27f0f787fc6d2195bfb6207b87b847977091d37c8c11d83b82c80121d8670c41fa1bfb323ffa7aff00bfadfe357a8a433fffd9, 'Libre'),
('HJ853GY', 'Moto', 'GUZZI V7', '450 DH', 0xffd8ffe000104a46494600010101006000600000ffe100224578696600004d4d002a00000008000101120003000000010001000000000000ffdb0043000201010201010202020202020202030503030303030604040305070607070706070708090b0908080a0807070a0d0a0a0b0c0c0c0c07090e0f0d0c0e0b0c0c0cffdb004301020202030303060303060c0807080c0c0c0c0c0c0c0c0c0c0c0c0c0c0c0c0c0c0c0c0c0c0c0c0c0c0c0c0c0c0c0c0c0c0c0c0c0c0c0c0c0c0c0c0c0c0c0c0c0cffc0001108002a003103012200021101031101ffc4001f0000010501010101010100000000000000000102030405060708090a0bffc400b5100002010303020403050504040000017d01020300041105122131410613516107227114328191a1082342b1c11552d1f02433627282090a161718191a25262728292a3435363738393a434445464748494a535455565758595a636465666768696a737475767778797a838485868788898a92939495969798999aa2a3a4a5a6a7a8a9aab2b3b4b5b6b7b8b9bac2c3c4c5c6c7c8c9cad2d3d4d5d6d7d8d9dae1e2e3e4e5e6e7e8e9eaf1f2f3f4f5f6f7f8f9faffc4001f0100030101010101010101010000000000000102030405060708090a0bffc400b51100020102040403040705040400010277000102031104052131061241510761711322328108144291a1b1c109233352f0156272d10a162434e125f11718191a262728292a35363738393a434445464748494a535455565758595a636465666768696a737475767778797a82838485868788898a92939495969798999aa2a3a4a5a6a7a8a9aab2b3b4b5b6b7b8b9bac2c3c4c5c6c7c8c9cad2d3d4d5d6d7d8d9dae2e3e4e5e6e7e8e9eaf2f3f4f5f6f7f8f9faffda000c03010002110311003f00fdfca2bcdfe3a7ed81f0b3f6649b4f87e217c44f06f82ee7569122b28358d5a1b59aed9cb05d91b3066c956008182463ad784e9fff0005c6f8017de271a549ab78b2ca6dc373dcf862f51114fdd73f21254819f94138ec28b86a7a0fc76f0afed1977fb4ef86756f875e2ff85da6fc25b5d3d13c41a36bfa55ccda95cdc896569248668880aad1189172c046caec5650428f53f853f15749f8bfe07b7d7b48bab5ba8645db3c76d389cdbcc065e2257f887a1009041c0cd7e79ffc154ffe0a47f0663f1668fa1e9bf07fc11fb446af1d988a5d5afb5ab3b0d3743fb49dd1daadec88d99a4d81da2564c294c9cb853f973a7fedcdab785b41f147817e0de8fe20f813e39f104be5e9cbe12f11c7791ebc6386e2596df50765df3ce630f15acca7789248a33246814acb914a2da3fa38fd96be21ea9f15be04786fc41adea5e16d5b58d4adfcebc9bc3ceeda7a39624469bcb3064428ac18e7786e074af44afcc4ff00837bfc2b79f0bfe17e87a6e8771a9ebba4f8e34993c69e29d4352bc0d245a95c0b75876c594784bc2a87cb6b700fef7f7ced161ff4ec74aa2760a28a2803f303fe0e07f8bf63e27f865a8787fc3ff13f45f0b9f02d8cbaa78b2dade182f2f2f6e0b409a658ba9941f95ee24b931491ba2ec8a6237471a4bf91d1789f4bf0d6afe0bd73c6579abebda4f8859f4f416fe2184ea9a72a2acab71a9471c71a6eba7b90b039395106c2abb194fed47fc172bf60bf0ff8dff66cf177c58f09f8234ed4be22e8a21bdd50af98a358d3e3db1dc89514ed6648006f33696090ed3bd0143f85bf11fe1bf86b54d33c23aa1b3d1e6d5b59b5b58a3d2ae6193526b66fb5bdbc5a34a0e184856dc3c6a8cf1b24b01d8a64257396fa9ac5e836cfe29ad97847c5d0f8bbc41ac5adaea160d6ba168d61aadc456eb24bf690faa07f3bcd9211731490a2a3143e48de8cce1abc13e06f83b5af177c43d234d687c457971737b6afa4cba35aa6a3aadeceee563f27c951248e92ed5f293748251b40768ca9fb07f6baf841e2ef0678fb4cf05daf837c576fe1786c22b0d5b5cd77c18da6df5c98a5060fdf436b1c8f3436623b790cec119a191d0223246bc7fec19e1ffb5fed377175f0f7c17a878b6ebe1ae857f3dadae9b1dcc76715e341230bb9ef530b6b05b9dd701cbac9335a148c79938c4dc7a9efbff04dff00f82b37c39ff82797c73d02fb41f0078bae238fc067c2bf1022b0ba48edfc57a95b5e092c355d3e1b9937ee16c65322486120def9621856155afdfbfd927f6bbf01fedb3f0634ef1e7c3ed6a3d5746bf1b26858aadde9970002f6b731024c53267054e4104329652ac7f9615b2f157c1af82de19f881a1e9ba6ea7e1af1c69b796be65ce9a646b2bdd2b588a2411b29c068a3b5d3ee14afef0066475685b0ff00a57ff06f06a97ff097fe0a0be2ef0ce97a9dd5c7857c69e13b1d4aeed26d3a5d2c2dd18bcf8dfecb27cd1bc599a107a491b09070ea16a2ddb526695f43f70775151e47a8a2b43332fc5de0cb3f1ae98d697d13491302b9491a361918e0a9cd7c5b67ff000429f85bf0ff00e3e59fc48f05cdaf683e26d26592e34d32cd1ea16ba5cb2021a4b6866465864c3101d30547ddc1c63eeaa2803e7dff008453e3df8522f2ed75df07f8cad579f2f57b26b795c7fbd1f19fc2a26f8e5e3cd074fbcd3fc5df066ea6b3bc8da1b97d1254ba8278d81560507cc41048c1f5afa1c74a6b9c1a00fe717c6bf0b9bf601f1df8f3e1ff00893c07e3af1c7c17d69aff005df055dc5677367a8784f519dad84570f22c4dfbc41676f1cb6ee3c89cc2b28560c547dd5ff0421fd877c7f65f197c41f1f3e21e8327826d754d12cb41f0b787e6f316e9ade0b78edc5cca9248f24482289551243b98c8e42c71ac487f53987c8cdfc58eb55ecade385559234566ce485c134ac3b96b228a7514c47fffd9, 'Libre'),
('JUHGRR', 'Voiture', 'Mercedes classe A', '600 DH', 0xffd8ffe000104a46494600010101006000600000ffe100224578696600004d4d002a00000008000101120003000000010001000000000000ffdb0043000201010201010202020202020202030503030303030604040305070607070706070708090b0908080a0807070a0d0a0a0b0c0c0c0c07090e0f0d0c0e0b0c0c0cffdb004301020202030303060303060c0807080c0c0c0c0c0c0c0c0c0c0c0c0c0c0c0c0c0c0c0c0c0c0c0c0c0c0c0c0c0c0c0c0c0c0c0c0c0c0c0c0c0c0c0c0c0c0c0c0c0cffc0001108002c004d03012200021101031101ffc4001f0000010501010101010100000000000000000102030405060708090a0bffc400b5100002010303020403050504040000017d01020300041105122131410613516107227114328191a1082342b1c11552d1f02433627282090a161718191a25262728292a3435363738393a434445464748494a535455565758595a636465666768696a737475767778797a838485868788898a92939495969798999aa2a3a4a5a6a7a8a9aab2b3b4b5b6b7b8b9bac2c3c4c5c6c7c8c9cad2d3d4d5d6d7d8d9dae1e2e3e4e5e6e7e8e9eaf1f2f3f4f5f6f7f8f9faffc4001f0100030101010101010101010000000000000102030405060708090a0bffc400b51100020102040403040705040400010277000102031104052131061241510761711322328108144291a1b1c109233352f0156272d10a162434e125f11718191a262728292a35363738393a434445464748494a535455565758595a636465666768696a737475767778797a82838485868788898a92939495969798999aa2a3a4a5a6a7a8a9aab2b3b4b5b6b7b8b9bac2c3c4c5c6c7c8c9cad2d3d4d5d6d7d8d9dae2e3e4e5e6e7e8e9eaf2f3f4f5f6f7f8f9faffda000c03010002110311003f00fdfca28a2800a2b3fc41e2cd33c2b6b24da96a163a7c30a19647b99d6258d0756258f0bee78ae057f6ccf8617779f67b1f1af87f57b827688b4dbd4bb727a600424939f4cd16607a7515e67a87ed7fe00d16269350d69b4c8d0e1daf2d658761f705723f11563e19fed6bf0c7e31f89db43f0c78fbc27ad6ba88656d2edb5389afc20e4bf9048936f07e6db8e29d985cf44a28a290051451400579efed53f1d63fd99fe00789bc752e9edab7fc23b6be7a58acde4b5e48cea89106dad82ccc07dd27dabd0abe5bff0082d07c1abaf8f5ff0004d0f8ade1fb086cef2f134b1a8adadd5cfd9e2bb4b691679216939da1e28e4527078634e3b81f983fb77f8d7c3bfb6e78ea4bad5bc7bf173c1b1488f71243a13595e5ab5cb8db1dd32c8b0b192388224387222081908724d7cdff00b427ec4737ed1da8dbeb13fed4fe20d735ad2f49b5d2a3875ff017d86492d2d90a220960d5278e4b993733334a23592462cce809221ff827cfed17f093c1daff008b7c0faf78c34fd06c6d52c352f0ddc7f6a4167e589d655bab5030b180af1c3204da30677e30457d91a5681a2f89adc49a7ebde1ef1259b0dc82f2d951caf1c8913e56fa8502bad596c636bee70ffb3cf866e3c54973a0ff006a7dabfe100d2bfb2fc31ae7c4bb8b4b5bed6a09ad4c175a7de7d9e7992545de25b5bd0ea576342e81551c7aae97fb066b5e2ef84de1dd0fc45f0b7e14f8b23f0fefb8b1d7343d564d375eb49d9cb0bbb6d4ed2d659a39036d195c83b149c9552be4ff00b60e9d67f013f676d6bc65a1e956d6faed8b5bdad82adc9fb1b5cdcdcc36f134b823f768d2876e876a1f5af16fd9eff6f5f8e3a4dc37853c45f10b53bc87548fcbb4d420d3ed6cefb44b83911047432c52a3aff0ba868cbc6c5482eaa6bb22acb73f4ebf644fdb17f686fd9bfc353e8ff17b44b3f8afe1eb390a69daee8fa9f99afda44a48f2af0bdbc16f76e176e651e43e41dc8e5b23eacf83bff0509f867f19358b7d2a1d5ae3c3dae5d308e2d3b5c80d8cb33f03623126376c9c00ae49ed9afccef857ff00050ef893a26bfa3da78b3e377c19795ec1acd343f11e96d0f8c35695227f2ee2d9d65f2a5df205dc8e8b1e43ecf2f3f2f817ed21fb7c7c77fda0350f18696be1d5d2639a754d334db6f05e976f0d8c0d328fdedf4f777335cccd006081e28626791a43854581f274c773fa1c073457cbff00f0469f88de21f8a9ff0004dbf867ac78a3575d77587b6bbb57bdfb6a5ec92241793c08b24c914492488b18466589012878ee7ea0ac1e8ec58547716b1ddc4d1cb1a491c836b2baee561e8454945007cf7f187fe093dfb35fc7a79a4f157c0ff867a94d3677ceba0c16f3927bef8d55b3ef9cd7cbbf137fe0d58fd95fc517525e784ec7c6df0d75273913f877c41344abff000072dd3eb5fa4d45007e2efc67ff00835a7e293f846e347f02fed55af6b1a44d24733e93e38d2fedb0ce639164447991cc9b4322f41dba5784f8a7fe082bfb65fc25f11685a8f83fc17f073c417de19bd4b8d3de1f1431b486dd142ada2453416efe57cab82ee5c28dbbb0063fa18a2a94da0b1fcd7ebbff0004a9fdb8ef7e32ea9e326fd95fe16cbe32d537eed5a5d763bb8ad19a3f2d5e0496f192328a004201d9daae7ecf7ff06e07ed7977e32fed2f14f847e06685637931b8bf835eba9f5d6bf76392d3471ca7cd624939694753cd7f4898a28e661b1e11fb1dfc1bf137ecf9f07b45f08cda3f81b44d3f4687cb86cbc2da4ff64e9d11277398e00582ee62cc79e4b1279af6d83cc68fe6dc4d5aa2a40fffd9, 'Libre'),
('kjdkhshf', 'Moto', 'kawazaki', '300 DH ', 0xffd8ffe000104a46494600010101006000600000ffe100224578696600004d4d002a00000008000101120003000000010001000000000000ffdb0043000201010201010202020202020202030503030303030604040305070607070706070708090b0908080a0807070a0d0a0a0b0c0c0c0c07090e0f0d0c0e0b0c0c0cffdb004301020202030303060303060c0807080c0c0c0c0c0c0c0c0c0c0c0c0c0c0c0c0c0c0c0c0c0c0c0c0c0c0c0c0c0c0c0c0c0c0c0c0c0c0c0c0c0c0c0c0c0c0c0c0c0cffc00011080030003f03012200021101031101ffc4001f0000010501010101010100000000000000000102030405060708090a0bffc400b5100002010303020403050504040000017d01020300041105122131410613516107227114328191a1082342b1c11552d1f02433627282090a161718191a25262728292a3435363738393a434445464748494a535455565758595a636465666768696a737475767778797a838485868788898a92939495969798999aa2a3a4a5a6a7a8a9aab2b3b4b5b6b7b8b9bac2c3c4c5c6c7c8c9cad2d3d4d5d6d7d8d9dae1e2e3e4e5e6e7e8e9eaf1f2f3f4f5f6f7f8f9faffc4001f0100030101010101010101010000000000000102030405060708090a0bffc400b51100020102040403040705040400010277000102031104052131061241510761711322328108144291a1b1c109233352f0156272d10a162434e125f11718191a262728292a35363738393a434445464748494a535455565758595a636465666768696a737475767778797a82838485868788898a92939495969798999aa2a3a4a5a6a7a8a9aab2b3b4b5b6b7b8b9bac2c3c4c5c6c7c8c9cad2d3d4d5d6d7d8d9dae2e3e4e5e6e7e8e9eaf2f3f4f5f6f7f8f9faffda000c03010002110311003f00fdfca4c0af9f3f6f3ff829bfc27ff8272f8562d4fe26ea5ac589beb396ef4fb5b2d325b89b55f2e58a278606e2269819a33e5970db496c60135f9cff00133f6b68fe23fc32f1cea1a0e97fb4cfecc1ab786ef6de122fa4bbbab5b2d3f5082792c6f750b54bb3359c4c617553049e546636079f9454629e82d7a23f66b7ae6866cd7c53fb097fc153bc13e39f857e0ff0e78a3c75a678b3c4ba6f87aca2d6bc5ba6bc7369ba96a4b12adc6551bcd8f7386903c91468c339f2d8aa1f5ff18fc7487c47e268aef47d4bfb43458e28a7b74b69888b538d977ee5281b7e41047a8208aa54a5723db46d73dd89da39ac8f10f88ae34bb24b9b3b3fed0863940b855936c9b3386318c61d81fe024123383bb0a7f36ff6ecff0082d75b7c1af835e2cb2f84fa343e2af1b59dd2e9d791c9abeeb7d097715b99248e48846f34401ff4588f99bb7160023579d7fc13d3e31fed21e28f84b0df6b5e329ad350d56ea083c2f73f1566bb8e0f1f5bc9792cb71e769fb64b9d35e1b446f2248a5226c5b1604990abf64fa8fda1faf7a7dd43a85ac7710bac914ca1d587f102339ab03a57c53f1d7c37e28d522bdf86fe08fda034cf87ba27c5abdbbb0d324bbb592ebc41a35c88246bcb4d2eea2b98bcb6e04b86065b70d298dd731f95f4c7ecbdf06b50fd9f7e02786bc1fab78c3c47e3ed4b44b6315d6bfaedd3dcdfea52b3b3b3bbc8cce402c55433315455059b193128d87195cf877f68bff82335e7c6dff829ae95fb457c56f8b16fab7813c2bafd96a7a1f82a4d3276b7b56862486da203cf31b4ad71b5c948b739da3078ae23f6b2ff00838efe1a781352f1678575cf83fe31bfd3516e34ebf1fda96b0ea32796b82c2186463e5f24878e7381dd5be5ae73fe0ea4fdba3c6dfb21d97c078fc17aa269725bead7de2b97cc4dd0dd5cd9b5a41691ca307cc87fd36e19e3c7cc5633c15047c0ff00f056cd72ebe30fc63f1f5dd9e876fa035ccfb7599e2b8b6bc3a6eaf6efb249b665a44b2bb21668a570bf3cb32abf986e237718a92b3149bbe8799e85e21f04f80fe3fe85e3df863a5e9b7de1ed52f67f3f47d6e0b7b89b489d98bc7048931d927989b8a79231944564051247fb8be00fed45f11bf6fcf1af88acae2fbc39e0bf85be1f88691a8cb1c9f6b7d4af597e78e0543ba7642ad90db522053703292a3f3d359fda1b50fda5ff0067ef017c3ad6bc1fa5daf8bfe14d8df5e5beb305a7d92ea6d30bdb604f708bb67489d730397c3f98b1821dd1ebea2f823e0cd175aff827afc1cf12f88b58f12fc3eb4f18d8df782aef5ed2ae8e9d6f1d9595c5d79715d9c110cda85d5babf99c33f933c1bc35c8cdcabca09457723d929be667dabe10f8adf0cff674f1c786fc0fe01d17c07e2fd51ad248b58b3b99279bc4a90f0a1adf4d8ad250f1bfcdb9a66b58b2c8a65c1df5e3bfb7dffc16b3c3bf00eef5cf06f867c35ff0b5352d3d4c3afafda9ac34ad132634f2219acc0796e91dd549870b14842994b2ed1e01e19f1937ec25ff0004f38edfc3b76bff000b7fe3f5c62f7c4915ab5b2da787e08920b3305c15557792c8427cd04b87bc924919a54f31f83f83be1cd0fe1dfc56ff008437c1d770eafe22d0b4a4bbd5352b3bab29ec6d6f4de2c26092578655b79221be474696326189cf136d7195394a6f9a4fc89ad18415d23ec7ff0082677c42f177fc159fe235e49ae7c1dd5be11ff60c3a36bba4788b58115d25c6a7a5dcc0f633c17135bc57f2dc88d24566696e2311bc8a555669566fdc54395afc30ff0082b9eb1f12be2b9f86be1ff82de244f0df82fc51a141e36bdf0ce8778749d5358bdb9bb9ede5bdbd984b1b8b0b69bec31bb6e58d7ed534acccb16e8bec4ff837dbfe0a35acfed99fb3f6a5e17f195e5c5d78b3c0c51219eed8b5e5cd89ca08ee0b1dcf716f22ec77392f1c96cec5a4790d5cd5de85539183ff000732ff00c139752fdb97f641d1fc47e1e82fef3c41f0bee2e6e5ed6d22f3e59b4db9111ba68e21cc92c6f6d6d28507948e50012c31f9d9e0efdba3e06ebfff0004edd7b46f8f9f0be1f197c6ad3ec174dd2bc4564ef6ebafbc249b4bdb9b9491268e68d981915f7198c433b89735fd15eafe18b5d6f699bce565e55a299e361f42a457c95f14bfe0825fb29fc65f1edc78a35cf8556326bd79706f2e2ea0bfb9844f29392ef1ac9e5b1279395c124939cd41a34ee7e337fc11fbfe08e5f107f6dcf85579f19a5d1d64d36c35f83fe10f8b549a0b6b1d50c5231bbb831cd6b30b9b5040854a98ff007aa5958f9581f7b6a3ff0004b9fda035cb0d534d4f0b781fc3fe1b86e556df434d692ff49d56229323996c5a258d1489586c4743972dbb720cfe8369bfb19d8f8774ab5b1d17c79f13b43b1b0892ded6d6cf5ec5bdac48a15238e368d9151540014000000014db8fd993c63667fe257f1bfe235be3a2de5ae9778bf8eeb507f5a99538c9dd82d158fc84fda2bfe093ff00b546adfb382fc3fb2f87769e28f0ee89022e8da759eb36d6d378764846d8869f34d3b34b6be592860ba2d2aab1c4ec1630bf20fece9f02fe2aff00c1347f6929b4df8f9e148fe16d9fc69fed396d354d66ea33616d791c33880cb3c134812d7ceb8804efb9648e398c819638a627fa2fb9f81df19add716bf1c6d64f417de09b5973f5314b1d78cfedb7ff0004c9f1afedf7f04e6f037c48f19f8075cb38e617ba66a56fe14b8d3f54d0eed410b736d32de3aab60956568dd1d0956520f1718a8ad18a5aee8f817c0bfb0a7c55f80df1dfc43f1cb50b4b5d42e2c7c1f259ff0065e957463d3b59916c43c4d6576a6e23b75692233bcf2a2dba1bb27c953e6492755ff06c4787354f187ed4bf1cbc756d1ddffc22f35bf9492dda42b335cde5c24c15fc902232086d94c9e500bb88202ab28ae77c2bff0006c0fed03a1a5af83e5fda1f433f0ce3902496912eaad0c30ab6f062d29a6fb187ddc8fde0556f9b07a57eb17ec39fb1ef863f619f80b61f0f7c23a7cb6ba6d948f75737573722e2f757ba931e6dd5c4811034afb5470aaa155554055001cdd589475b9fffd9, 'Libre'),
('KUH78GF', 'Voiture', 'BMW', '800 DH', 0xffd8ffe000104a46494600010101006000600000ffe100224578696600004d4d002a00000008000101120003000000010001000000000000ffdb0043000201010201010202020202020202030503030303030604040305070607070706070708090b0908080a0807070a0d0a0a0b0c0c0c0c07090e0f0d0c0e0b0c0c0cffdb004301020202030303060303060c0807080c0c0c0c0c0c0c0c0c0c0c0c0c0c0c0c0c0c0c0c0c0c0c0c0c0c0c0c0c0c0c0c0c0c0c0c0c0c0c0c0c0c0c0c0c0c0c0c0c0cffc00011080029004803012200021101031101ffc4001f0000010501010101010100000000000000000102030405060708090a0bffc400b5100002010303020403050504040000017d01020300041105122131410613516107227114328191a1082342b1c11552d1f02433627282090a161718191a25262728292a3435363738393a434445464748494a535455565758595a636465666768696a737475767778797a838485868788898a92939495969798999aa2a3a4a5a6a7a8a9aab2b3b4b5b6b7b8b9bac2c3c4c5c6c7c8c9cad2d3d4d5d6d7d8d9dae1e2e3e4e5e6e7e8e9eaf1f2f3f4f5f6f7f8f9faffc4001f0100030101010101010101010000000000000102030405060708090a0bffc400b51100020102040403040705040400010277000102031104052131061241510761711322328108144291a1b1c109233352f0156272d10a162434e125f11718191a262728292a35363738393a434445464748494a535455565758595a636465666768696a737475767778797a82838485868788898a92939495969798999aa2a3a4a5a6a7a8a9aab2b3b4b5b6b7b8b9bac2c3c4c5c6c7c8c9cad2d3d4d5d6d7d8d9dae2e3e4e5e6e7e8e9eaf2f3f4f5f6f7f8f9faffda000c03010002110311003f00fdfca29bbe812826801d4537cce6bc37f69dff008291fc19fd90348bebaf1c78d2ced5f4d04dc5a58412ea5770e1b69dd15babb290c08c10390475a01e9b9ee9457c2961ff0007137eceba8585d5e83f11ad74fb231a4b757be13bab28c3c8098a302608ed248012a8aa598292060123d17e09ff00c162be0afc75b868f4ebaf1c693891a10dac783b53b38da45c6f40e612b950416e780c09eb55cad12aa45eccfa9a8aa5a1f886c7c4da45bea1a6de5aea1637882482e6d6659a19d0f4657524303ea0d5b5937266a4a1d451450078c7edc3fb74780ff600f829ff0009afc41d56df4dd3eeaf574cb05964f2c5dddba3c891eec1dabb637666c1215188563853f9cfabff00c1c8b63f106caeb51f07eb9a749676522dbcf6da76893df5c44f26e31e570cff00305601bee928dd3a0f6fff00838b3e1df8dfc4dfb33f8075ff0003dbfc39d5ef3c27e296b8bbd1bc713d847a4dfdbcd61750970b7ae9135c46cea63dadbd773b2e48c57f3bb7de2df1d784fc41e2e65d2fe1f786e49ee1678747b0d1e387496ccad9584c4a216088e70d217721555720b11d58550bfbd631adcd6f74fd94f10ffc15abc6bf14fc35ac5beb9ff09e5a68fa7f972dfc8ef69a45af9263f38c8f224c256815401205cafcfb1c1f996be6ff0005ff00c1553c17e34d66d7c37a5ea9aa7836c5998d85fea30dde996376ca8ad88ee610b21631ed6f9ca964dbd462be23d57f6bef117863f64db4f87dadeade0fd73c27ad6b89aa6af06976d30bfb1b34b98e49ac6498c51ed824f9dd522dc072a081f29ddf8e7aae8d77e02d26cf4d4b1d53c456eb1c827b3b982f06a774f736f39167e480c618d0397955563909280232ed93a9d48c5a8c52b7f5a1cbec5c9372b9edbf1e7f69cf0ab7c48fed68fe2e78f345d4edcc905f59e816f790adc877591cb1b8f2c348eeaaed2190b49b22dc488e3dbcfea5fb56697f112eb4f5b6ff008680f15dadadc99c7f69f89350758df614df088f5095616da4a92b80ca7690782323e09fc2bf8c5a868b6f6fe0ff00843f14b5499ff792dd5bf816dad25776ea0dd3a4cf2283c02d8e31f28e95edfa17fc135bf6bef8b30796ff0004fc60b0dc8c16d675ab6b2054f622392df23ea3a6463d7a7da6196aedf7187b3acf4572a7c24ff829041fb0fe8d69a7fc31b7f89de078ae1e53aae9b650d9369d6458061318dee1d66932c59dbcb2f1afccc0860adfbd3ff04f7fda3afbf6b3fd8afe1cfc44d52d459ea9e25d2565bd45c6c69e3768649170000aef1b3a80385602bf13ff0066dff837ff00f6a4bcf1c6ada3f8dfc0de19d17c19e22bf46d4243e29b40d2d81558dedc3442e1e291503ec711cbf338271b30dfbc9fb397c0af0f7ecd5f037c31e04f0be969a3683e19b15b3b4b35bc96f040b92cc3ce97e7932c58ee6009cf41d2bccc55684dfbabd1f91df429b844ed81c8a28a2b94e829eafa15978874f92cf50b3b5beb59861e1b885658dc7bab020d794ebfff0004f8f80fe28766d43e0b7c2bb991ce59dbc2b63bd8fbb08c1af62a2803c1d3fe097dfb37794d1c9f003e0cdcab7045cf83b4fb8e3fe0711af40f851fb367c3cf80b6ad6de05f00782bc176f20c347a0e876ba7211d464428a3b9aee28a006e0934e233451400018a28a2800a28a2803fffd9, 'Libre');

--
-- Index pour les tables déchargées
--

--
-- Index pour la table `clients`
--
ALTER TABLE `clients`
  ADD PRIMARY KEY (`CIN`);

--
-- Index pour la table `location`
--
ALTER TABLE `location`
  ADD PRIMARY KEY (`NumLocation`);

--
-- Index pour la table `vehicules`
--
ALTER TABLE `vehicules`
  ADD PRIMARY KEY (`Matricule`);

--
-- AUTO_INCREMENT pour les tables déchargées
--

--
-- AUTO_INCREMENT pour la table `location`
--
ALTER TABLE `location`
  MODIFY `NumLocation` int(11) NOT NULL AUTO_INCREMENT, AUTO_INCREMENT=20;
COMMIT;

/*!40101 SET CHARACTER_SET_CLIENT=@OLD_CHARACTER_SET_CLIENT */;
/*!40101 SET CHARACTER_SET_RESULTS=@OLD_CHARACTER_SET_RESULTS */;
/*!40101 SET COLLATION_CONNECTION=@OLD_COLLATION_CONNECTION */;
